movie_id,title,genres
1,Last Horizon 1,Drama|Comedy
2,Silent Horizon 2,Romance|Drama
3,Crimson Horizon 3,Action|SciFi
4,Broken Horizon 4,Romance
5,Midnight Horizon 5,Action|SciFi
6,Golden Horizon 6,Drama|Romance
7,Frozen Horizon 7,Comedy
8,Hidden Horizon 8,SciFi
9,Eternal Horizon 9,Drama|SciFi
10,Savage Horizon 10,Action|Drama
11,Velvet Horizon 11,Action
12,Iron Horizon 12,Romance|SciFi
13,Quiet Horizon 13,SciFi
14,Distant Horizon 14,SciFi|Comedy
15,Burning Horizon 15,Comedy
16,Lost Horizon 16,SciFi|Action
17,Electric Horizon 17,Comedy|SciFi
18,Wild Horizon 18,Action|Comedy
19,Secret Horizon 19,Romance|Comedy
20,Final Horizon 20,Romance
21,Last Promise 21,SciFi
22,Silent Promise 22,Romance
23,Crimson Promise 23,Action|SciFi
24,Broken Promise 24,Comedy|Romance
25,Midnight Promise 25,Romance|SciFi
26,Golden Promise 26,Action
27,Frozen Promise 27,SciFi
28,Hidden Promise 28,Romance|Drama
29,Eternal Promise 29,Comedy|Romance
30,Savage Promise 30,SciFi|Comedy
31,Velvet Promise 31,Comedy|Drama
32,Iron Promise 32,Comedy
33,Quiet Promise 33,Romance|Drama
34,Distant Promise 34,Drama
35,Burning Promise 35,Drama
36,Lost Promise 36,Action|SciFi
37,Electric Promise 37,SciFi|Drama
38,Wild Promise 38,Romance|Action
39,Secret Promise 39,Romance
40,Final Promise 40,Romance|Comedy
41,Last Empire 41,Romance
42,Silent Empire 42,Action|Comedy
43,Crimson Empire 43,Comedy
44,Broken Empire 44,Romance
45,Midnight Empire 45,Action|SciFi
46,Golden Empire 46,Comedy
47,Frozen Empire 47,Drama|Action
48,Hidden Empire 48,Drama
49,Eternal Empire 49,Comedy|Romance
50,Savage Empire 50,Drama|SciFi
51,Velvet Empire 51,Action
52,Iron Empire 52,Romance
53,Quiet Empire 53,Romance
54,Distant Empire 54,Romance|Drama
55,Burning Empire 55,Drama|Action
56,Lost Empire 56,Comedy|Drama
57,Electric Empire 57,Romance
58,Wild Empire 58,Drama
59,Secret Empire 59,Comedy|SciFi
60,Final Empire 60,Comedy|Romance
61,Last Dawn 61,Action
62,Silent Dawn 62,Drama|Action
63,Crimson Dawn 63,Drama
64,Broken Dawn 64,Romance|SciFi
65,Midnight Dawn 65,SciFi|Drama
66,Golden Dawn 66,SciFi
67,Frozen Dawn 67,Romance|Comedy
68,Hidden Dawn 68,Romance|SciFi
69,Eternal Dawn 69,Comedy
70,Savage Dawn 70,Romance
71,Velvet Dawn 71,Drama|Romance
72,Iron Dawn 72,Romance|Drama
73,Quiet Dawn 73,Romance|Action
74,Distant Dawn 74,Action|Drama
75,Burning Dawn 75,Action|SciFi
76,Lost Dawn 76,SciFi|Drama
77,Electric Dawn 77,SciFi
78,Wild Dawn 78,Comedy|SciFi
79,Secret Dawn 79,Drama|Action
80,Final Dawn 80,Romance|Action
81,Last Echo 81,SciFi|Drama
82,Silent Echo 82,Romance
83,Crimson Echo 83,Drama|Romance
84,Broken Echo 84,Comedy|Drama
85,Midnight Echo 85,Action
86,Golden Echo 86,Comedy|SciFi
87,Frozen Echo 87,Comedy|SciFi
88,Hidden Echo 88,Romance
89,Eternal Echo 89,Drama|Comedy
90,Savage Echo 90,Romance
91,Velvet Echo 91,Action|Comedy
92,Iron Echo 92,Action|Drama
93,Quiet Echo 93,SciFi|Action
94,Distant Echo 94,Action
95,Burning Echo 95,Comedy|Drama
96,Lost Echo 96,Drama|Comedy
97,Electric Echo 97,Drama|SciFi
98,Wild Echo 98,Action|Romance
99,Secret Echo 99,SciFi
100,Final Echo 100,Action|Romance
101,Last Voyage 101,Action|Romance
102,Silent Voyage 102,SciFi
103,Crimson Voyage 103,SciFi|Drama
104,Broken Voyage 104,Comedy
105,Midnight Voyage 105,Drama|Comedy
106,Golden Voyage 106,Drama
107,Frozen Voyage 107,SciFi|Romance
108,Hidden Voyage 108,Comedy|Romance
109,Eternal Voyage 109,SciFi|Drama
110,Savage Voyage 110,Comedy
111,Velvet Voyage 111,Comedy|SciFi
112,Iron Voyage 112,Comedy|SciFi
113,Quiet Voyage 113,Action
114,Distant Voyage 114,Comedy
115,Burning Voyage 115,Action|SciFi
116,Lost Voyage 116,Drama|Action
117,Electric Voyage 117,Drama|Comedy
118,Wild Voyage 118,SciFi|Romance
119,Secret Voyage 119,SciFi|Romance
120,Final Voyage 120,SciFi
121,Last Harvest 121,SciFi|Action
122,Silent Harvest 122,Comedy|Drama
123,Crimson Harvest 123,Action
124,Broken Harvest 124,Comedy|Drama
125,Midnight Harvest 125,Romance
126,Golden Harvest 126,Romance|Action
127,Frozen Harvest 127,Drama|Comedy
128,Hidden Harvest 128,Comedy|Drama
129,Eternal Harvest 129,Action|Romance
130,Savage Harvest 130,Romance
131,Velvet Harvest 131,Action|Comedy
132,Iron Harvest 132,Action|SciFi
133,Quiet Harvest 133,Drama|Action
134,Distant Harvest 134,SciFi|Action
135,Burning Harvest 135,Romance|Drama
136,Lost Harvest 136,Comedy
137,Electric Harvest 137,SciFi|Action
138,Wild Harvest 138,Romance|SciFi
139,Secret Harvest 139,Comedy|Drama
140,Final Harvest 140,SciFi|Comedy
141,Last Mirage 141,Romance|SciFi
142,Silent Mirage 142,Comedy
143,Crimson Mirage 143,Comedy
144,Broken Mirage 144,SciFi|Action
145,Midnight Mirage 145,Action|Drama
146,Golden Mirage 146,Drama|Action
147,Frozen Mirage 147,Romance
148,Hidden Mirage 148,Action|Romance
149,Eternal Mirage 149,Romance
150,Savage Mirage 150,Action|SciFi
151,Velvet Mirage 151,Comedy|Action
152,Iron Mirage 152,Action|Romance
153,Quiet Mirage 153,Romance|Action
154,Distant Mirage 154,Drama|Romance
155,Burning Mirage 155,Drama
156,Lost Mirage 156,SciFi|Drama
157,Electric Mirage 157,SciFi|Comedy
158,Wild Mirage 158,Drama
159,Secret Mirage 159,Action|SciFi
160,Final Mirage 160,Romance|Comedy
161,Last Signal 161,Comedy
162,Silent Signal 162,Romance
163,Crimson Signal 163,SciFi
164,Broken Signal 164,Action|Drama
165,Midnight Signal 165,Comedy|SciFi
166,Golden Signal 166,SciFi
167,Frozen Signal 167,Comedy|SciFi
168,Hidden Signal 168,Romance
169,Eternal Signal 169,Action|SciFi
170,Savage Signal 170,Comedy|Romance
171,Velvet Signal 171,SciFi
172,Iron Signal 172,Action
173,Quiet Signal 173,Comedy
174,Distant Signal 174,Romance|Action
175,Burning Signal 175,Comedy|Drama
176,Lost Signal 176,Romance
177,Electric Signal 177,SciFi
178,Wild Signal 178,SciFi|Action
179,Secret Signal 179,Romance|Drama
180,Final Signal 180,Romance
181,Last Garden 181,Drama|Romance
182,Silent Garden 182,SciFi
183,Crimson Garden 183,Comedy|Drama
184,Broken Garden 184,Drama|SciFi
185,Midnight Garden 185,Action|Comedy
186,Golden Garden 186,Comedy|SciFi
187,Frozen Garden 187,SciFi|Romance
188,Hidden Garden 188,Drama|SciFi
189,Eternal Garden 189,Romance|SciFi
190,Savage Garden 190,SciFi
191,Velvet Garden 191,Drama|Action
192,Iron Garden 192,Action|Drama
193,Quiet Garden 193,Action|Comedy
194,Distant Garden 194,SciFi|Romance
195,Burning Garden 195,SciFi
196,Lost Garden 196,Comedy|Romance
197,Electric Garden 197,SciFi
198,Wild Garden 198,Drama|SciFi
199,Secret Garden 199,SciFi
200,Final Garden 200,Drama
201,Last Verdict 201,Action
202,Silent Verdict 202,Comedy|Action
203,Crimson Verdict 203,Action
204,Broken Verdict 204,Comedy
205,Midnight Verdict 205,Action|Comedy
206,Golden Verdict 206,Drama
207,Frozen Verdict 207,SciFi
208,Hidden Verdict 208,Action|Drama
209,Eternal Verdict 209,Action|Drama
210,Savage Verdict 210,Comedy|Drama
211,Velvet Verdict 211,Comedy|Drama
212,Iron Verdict 212,Action|Comedy
213,Quiet Verdict 213,Drama|Romance
214,Distant Verdict 214,Drama
215,Burning Verdict 215,Comedy
216,Lost Verdict 216,Comedy|Action
217,Electric Verdict 217,Drama|Action
218,Wild Verdict 218,Romance|SciFi
219,Secret Verdict 219,SciFi
220,Final Verdict 220,Comedy|Romance
221,Last Orbit 221,Action|Comedy
222,Silent Orbit 222,Comedy
223,Crimson Orbit 223,Romance|Comedy
224,Broken Orbit 224,SciFi|Comedy
225,Midnight Orbit 225,Comedy|Action
226,Golden Orbit 226,Drama
227,Frozen Orbit 227,SciFi|Romance
228,Hidden Orbit 228,SciFi
229,Eternal Orbit 229,Drama
230,Savage Orbit 230,Drama
231,Velvet Orbit 231,Action|SciFi
232,Iron Orbit 232,Action
233,Quiet Orbit 233,Action
234,Distant Orbit 234,Drama|Comedy
235,Burning Orbit 235,SciFi
236,Lost Orbit 236,Comedy|Romance
237,Electric Orbit 237,Comedy|Drama
238,Wild Orbit 238,SciFi|Action
239,Secret Orbit 239,Comedy|Romance
240,Final Orbit 240,Drama|SciFi
241,Last Tide 241,Romance
242,Silent Tide 242,SciFi
243,Crimson Tide 243,Action|Romance
244,Broken Tide 244,Comedy
245,Midnight Tide 245,Comedy|SciFi
246,Golden Tide 246,Drama|Comedy
247,Frozen Tide 247,Action
248,Hidden Tide 248,Action|Romance
249,Eternal Tide 249,SciFi|Comedy
250,Savage Tide 250,Romance|Action
251,Velvet Tide 251,Drama
252,Iron Tide 252,SciFi|Romance
253,Quiet Tide 253,Drama|Action
254,Distant Tide 254,Drama|SciFi
255,Burning Tide 255,Romance
256,Lost Tide 256,Drama|SciFi
257,Electric Tide 257,Comedy
258,Wild Tide 258,Drama|Romance
259,Secret Tide 259,Action
260,Final Tide 260,Action|Romance
261,Last Requiem 261,SciFi|Comedy
262,Silent Requiem 262,Drama|SciFi
263,Crimson Requiem 263,Drama
264,Broken Requiem 264,Romance
265,Midnight Requiem 265,Drama|Romance
266,Golden Requiem 266,Action
267,Frozen Requiem 267,Romance|SciFi
268,Hidden Requiem 268,Drama|Action
269,Eternal Requiem 269,Action|Romance
270,Savage Requiem 270,Drama|SciFi
271,Velvet Requiem 271,SciFi|Romance
272,Iron Requiem 272,Action|Comedy
273,Quiet Requiem 273,Comedy
274,Distant Requiem 274,Action
275,Burning Requiem 275,Drama|Romance
276,Lost Requiem 276,Comedy|Action
277,Electric Requiem 277,Comedy|SciFi
278,Wild Requiem 278,Romance|Drama
279,Secret Requiem 279,Drama|SciFi
280,Final Requiem 280,SciFi
281,Last Circuit 281,Drama|Romance
282,Silent Circuit 282,SciFi|Comedy
283,Crimson Circuit 283,Romance|SciFi
284,Broken Circuit 284,Action|Comedy
285,Midnight Circuit 285,Romance|Action
286,Golden Circuit 286,Action|Drama
287,Frozen Circuit 287,Action|Comedy
288,Hidden Circuit 288,Romance|Drama
289,Eternal Circuit 289,SciFi|Romance
290,Savage Circuit 290,Romance
291,Velvet Circuit 291,SciFi|Romance
292,Iron Circuit 292,SciFi|Romance
293,Quiet Circuit 293,Drama|Comedy
294,Distant Circuit 294,Action
295,Burning Circuit 295,Drama
296,Lost Circuit 296,SciFi|Action
297,Electric Circuit 297,SciFi|Romance
298,Wild Circuit 298,SciFi
299,Secret Circuit 299,Romance|Drama
300,Final Circuit 300,Comedy|Romance
